filename,object_location,image_small,image_thumb
paw_001.jpg,/objects/paw_001.jpg,/objects/small/paw_001_sm.jpg,/objects/thumbs/paw_001_th.jpg
paw_002.jpg,/objects/paw_002.jpg,/objects/small/paw_002_sm.jpg,/objects/thumbs/paw_002_th.jpg
paw_003.jpg,/objects/paw_003.jpg,/objects/small/paw_003_sm.jpg,/objects/thumbs/paw_003_th.jpg
paw_004.jpg,/objects/paw_004.jpg,/objects/small/paw_004_sm.jpg,/objects/thumbs/paw_004_th.jpg
paw_005.jpg,/objects/paw_005.jpg,/objects/small/paw_005_sm.jpg,/objects/thumbs/paw_005_th.jpg
paw_006.jpg,/objects/paw_006.jpg,/objects/small/paw_006_sm.jpg,/objects/thumbs/paw_006_th.jpg
paw_007.jpg,/objects/paw_007.jpg,/objects/small/paw_007_sm.jpg,/objects/thumbs/paw_007_th.jpg
paw_008.jpg,/objects/paw_008.jpg,/objects/small/paw_008_sm.jpg,/objects/thumbs/paw_008_th.jpg
paw_009.jpg,/objects/paw_009.jpg,/objects/small/paw_009_sm.jpg,/objects/thumbs/paw_009_th.jpg
paw_010.jpg,/objects/paw_010.jpg,/objects/small/paw_010_sm.jpg,/objects/thumbs/paw_010_th.jpg
paw_011.jpg,/objects/paw_011.jpg,/objects/small/paw_011_sm.jpg,/objects/thumbs/paw_011_th.jpg
paw_012.jpg,/objects/paw_012.jpg,/objects/small/paw_012_sm.jpg,/objects/thumbs/paw_012_th.jpg
paw_013.jpg,/objects/paw_013.jpg,/objects/small/paw_013_sm.jpg,/objects/thumbs/paw_013_th.jpg
paw_014.jpg,/objects/paw_014.jpg,/objects/small/paw_014_sm.jpg,/objects/thumbs/paw_014_th.jpg
paw_015.jpg,/objects/paw_015.jpg,/objects/small/paw_015_sm.jpg,/objects/thumbs/paw_015_th.jpg
paw_016.jpg,/objects/paw_016.jpg,/objects/small/paw_016_sm.jpg,/objects/thumbs/paw_016_th.jpg
paw_017.jpg,/objects/paw_017.jpg,/objects/small/paw_017_sm.jpg,/objects/thumbs/paw_017_th.jpg
paw_018.jpg,/objects/paw_018.jpg,/objects/small/paw_018_sm.jpg,/objects/thumbs/paw_018_th.jpg
paw_019.jpg,/objects/paw_019.jpg,/objects/small/paw_019_sm.jpg,/objects/thumbs/paw_019_th.jpg
paw_020.jpg,/objects/paw_020.jpg,/objects/small/paw_020_sm.jpg,/objects/thumbs/paw_020_th.jpg
paw_021.jpg,/objects/paw_021.jpg,/objects/small/paw_021_sm.jpg,/objects/thumbs/paw_021_th.jpg
paw_022.jpg,/objects/paw_022.jpg,/objects/small/paw_022_sm.jpg,/objects/thumbs/paw_022_th.jpg
paw_023.jpg,/objects/paw_023.jpg,/objects/small/paw_023_sm.jpg,/objects/thumbs/paw_023_th.jpg
paw_024.jpg,/objects/paw_024.jpg,/objects/small/paw_024_sm.jpg,/objects/thumbs/paw_024_th.jpg
paw_025.jpg,/objects/paw_025.jpg,/objects/small/paw_025_sm.jpg,/objects/thumbs/paw_025_th.jpg
paw_026.jpg,/objects/paw_026.jpg,/objects/small/paw_026_sm.jpg,/objects/thumbs/paw_026_th.jpg
paw_027.jpg,/objects/paw_027.jpg,/objects/small/paw_027_sm.jpg,/objects/thumbs/paw_027_th.jpg
paw_028.jpg,/objects/paw_028.jpg,/objects/small/paw_028_sm.jpg,/objects/thumbs/paw_028_th.jpg
paw_029.jpg,/objects/paw_029.jpg,/objects/small/paw_029_sm.jpg,/objects/thumbs/paw_029_th.jpg
paw_030.jpg,/objects/paw_030.jpg,/objects/small/paw_030_sm.jpg,/objects/thumbs/paw_030_th.jpg
paw_031.jpg,/objects/paw_031.jpg,/objects/small/paw_031_sm.jpg,/objects/thumbs/paw_031_th.jpg
paw_032.jpg,/objects/paw_032.jpg,/objects/small/paw_032_sm.jpg,/objects/thumbs/paw_032_th.jpg
paw_033.jpg,/objects/paw_033.jpg,/objects/small/paw_033_sm.jpg,/objects/thumbs/paw_033_th.jpg
paw_034.jpg,/objects/paw_034.jpg,/objects/small/paw_034_sm.jpg,/objects/thumbs/paw_034_th.jpg
paw_035.jpg,/objects/paw_035.jpg,/objects/small/paw_035_sm.jpg,/objects/thumbs/paw_035_th.jpg
paw_036.jpg,/objects/paw_036.jpg,/objects/small/paw_036_sm.jpg,/objects/thumbs/paw_036_th.jpg
paw_037.jpg,/objects/paw_037.jpg,/objects/small/paw_037_sm.jpg,/objects/thumbs/paw_037_th.jpg
paw_038.jpg,/objects/paw_038.jpg,/objects/small/paw_038_sm.jpg,/objects/thumbs/paw_038_th.jpg
paw_039.jpg,/objects/paw_039.jpg,/objects/small/paw_039_sm.jpg,/objects/thumbs/paw_039_th.jpg
paw_040.jpg,/objects/paw_040.jpg,/objects/small/paw_040_sm.jpg,/objects/thumbs/paw_040_th.jpg
paw_041.jpg,/objects/paw_041.jpg,/objects/small/paw_041_sm.jpg,/objects/thumbs/paw_041_th.jpg
paw_042.jpg,/objects/paw_042.jpg,/objects/small/paw_042_sm.jpg,/objects/thumbs/paw_042_th.jpg
paw_043.jpg,/objects/paw_043.jpg,/objects/small/paw_043_sm.jpg,/objects/thumbs/paw_043_th.jpg
paw_044.jpg,/objects/paw_044.jpg,/objects/small/paw_044_sm.jpg,/objects/thumbs/paw_044_th.jpg
paw_045.jpg,/objects/paw_045.jpg,/objects/small/paw_045_sm.jpg,/objects/thumbs/paw_045_th.jpg
paw_046.jpg,/objects/paw_046.jpg,/objects/small/paw_046_sm.jpg,/objects/thumbs/paw_046_th.jpg
paw_047.jpg,/objects/paw_047.jpg,/objects/small/paw_047_sm.jpg,/objects/thumbs/paw_047_th.jpg
paw_048.jpg,/objects/paw_048.jpg,/objects/small/paw_048_sm.jpg,/objects/thumbs/paw_048_th.jpg
paw_049.jpg,/objects/paw_049.jpg,/objects/small/paw_049_sm.jpg,/objects/thumbs/paw_049_th.jpg
paw_050.jpg,/objects/paw_050.jpg,/objects/small/paw_050_sm.jpg,/objects/thumbs/paw_050_th.jpg
paw_051.jpg,/objects/paw_051.jpg,/objects/small/paw_051_sm.jpg,/objects/thumbs/paw_051_th.jpg
paw_052.jpg,/objects/paw_052.jpg,/objects/small/paw_052_sm.jpg,/objects/thumbs/paw_052_th.jpg
paw_053.jpg,/objects/paw_053.jpg,/objects/small/paw_053_sm.jpg,/objects/thumbs/paw_053_th.jpg
paw_054.jpg,/objects/paw_054.jpg,/objects/small/paw_054_sm.jpg,/objects/thumbs/paw_054_th.jpg
paw_055.jpg,/objects/paw_055.jpg,/objects/small/paw_055_sm.jpg,/objects/thumbs/paw_055_th.jpg
paw_056.jpg,/objects/paw_056.jpg,/objects/small/paw_056_sm.jpg,/objects/thumbs/paw_056_th.jpg
paw_057.jpg,/objects/paw_057.jpg,/objects/small/paw_057_sm.jpg,/objects/thumbs/paw_057_th.jpg
paw_058.jpg,/objects/paw_058.jpg,/objects/small/paw_058_sm.jpg,/objects/thumbs/paw_058_th.jpg
paw_059.jpg,/objects/paw_059.jpg,/objects/small/paw_059_sm.jpg,/objects/thumbs/paw_059_th.jpg
paw_060.jpg,/objects/paw_060.jpg,/objects/small/paw_060_sm.jpg,/objects/thumbs/paw_060_th.jpg
paw_061.jpg,/objects/paw_061.jpg,/objects/small/paw_061_sm.jpg,/objects/thumbs/paw_061_th.jpg
paw_062.jpg,/objects/paw_062.jpg,/objects/small/paw_062_sm.jpg,/objects/thumbs/paw_062_th.jpg
paw_063.jpg,/objects/paw_063.jpg,/objects/small/paw_063_sm.jpg,/objects/thumbs/paw_063_th.jpg
paw_064.jpg,/objects/paw_064.jpg,/objects/small/paw_064_sm.jpg,/objects/thumbs/paw_064_th.jpg
paw_065.jpg,/objects/paw_065.jpg,/objects/small/paw_065_sm.jpg,/objects/thumbs/paw_065_th.jpg
paw_066.jpg,/objects/paw_066.jpg,/objects/small/paw_066_sm.jpg,/objects/thumbs/paw_066_th.jpg
paw_067.jpg,/objects/paw_067.jpg,/objects/small/paw_067_sm.jpg,/objects/thumbs/paw_067_th.jpg
paw_068.jpg,/objects/paw_068.jpg,/objects/small/paw_068_sm.jpg,/objects/thumbs/paw_068_th.jpg
paw_069.jpg,/objects/paw_069.jpg,/objects/small/paw_069_sm.jpg,/objects/thumbs/paw_069_th.jpg
paw_070.jpg,/objects/paw_070.jpg,/objects/small/paw_070_sm.jpg,/objects/thumbs/paw_070_th.jpg
paw_071.jpg,/objects/paw_071.jpg,/objects/small/paw_071_sm.jpg,/objects/thumbs/paw_071_th.jpg
paw_072.jpg,/objects/paw_072.jpg,/objects/small/paw_072_sm.jpg,/objects/thumbs/paw_072_th.jpg
paw_073.jpg,/objects/paw_073.jpg,/objects/small/paw_073_sm.jpg,/objects/thumbs/paw_073_th.jpg
paw_074.jpg,/objects/paw_074.jpg,/objects/small/paw_074_sm.jpg,/objects/thumbs/paw_074_th.jpg
paw_075.jpg,/objects/paw_075.jpg,/objects/small/paw_075_sm.jpg,/objects/thumbs/paw_075_th.jpg
paw_076.jpg,/objects/paw_076.jpg,/objects/small/paw_076_sm.jpg,/objects/thumbs/paw_076_th.jpg
paw_077.jpg,/objects/paw_077.jpg,/objects/small/paw_077_sm.jpg,/objects/thumbs/paw_077_th.jpg
paw_078.jpg,/objects/paw_078.jpg,/objects/small/paw_078_sm.jpg,/objects/thumbs/paw_078_th.jpg
paw_079.jpg,/objects/paw_079.jpg,/objects/small/paw_079_sm.jpg,/objects/thumbs/paw_079_th.jpg
paw_080.jpg,/objects/paw_080.jpg,/objects/small/paw_080_sm.jpg,/objects/thumbs/paw_080_th.jpg
paw_081.jpg,/objects/paw_081.jpg,/objects/small/paw_081_sm.jpg,/objects/thumbs/paw_081_th.jpg
paw_082.jpg,/objects/paw_082.jpg,/objects/small/paw_082_sm.jpg,/objects/thumbs/paw_082_th.jpg
paw_083.jpg,/objects/paw_083.jpg,/objects/small/paw_083_sm.jpg,/objects/thumbs/paw_083_th.jpg
paw_084.jpg,/objects/paw_084.jpg,/objects/small/paw_084_sm.jpg,/objects/thumbs/paw_084_th.jpg
paw_085.jpg,/objects/paw_085.jpg,/objects/small/paw_085_sm.jpg,/objects/thumbs/paw_085_th.jpg
paw_086.jpg,/objects/paw_086.jpg,/objects/small/paw_086_sm.jpg,/objects/thumbs/paw_086_th.jpg
paw_087.jpg,/objects/paw_087.jpg,/objects/small/paw_087_sm.jpg,/objects/thumbs/paw_087_th.jpg
paw_088.jpg,/objects/paw_088.jpg,/objects/small/paw_088_sm.jpg,/objects/thumbs/paw_088_th.jpg
paw_089.jpg,/objects/paw_089.jpg,/objects/small/paw_089_sm.jpg,/objects/thumbs/paw_089_th.jpg
paw_090.jpg,/objects/paw_090.jpg,/objects/small/paw_090_sm.jpg,/objects/thumbs/paw_090_th.jpg
paw_091.jpg,/objects/paw_091.jpg,/objects/small/paw_091_sm.jpg,/objects/thumbs/paw_091_th.jpg
paw_092.jpg,/objects/paw_092.jpg,/objects/small/paw_092_sm.jpg,/objects/thumbs/paw_092_th.jpg
paw_093.jpg,/objects/paw_093.jpg,/objects/small/paw_093_sm.jpg,/objects/thumbs/paw_093_th.jpg
paw_094.jpg,/objects/paw_094.jpg,/objects/small/paw_094_sm.jpg,/objects/thumbs/paw_094_th.jpg
paw_095.jpg,/objects/paw_095.jpg,/objects/small/paw_095_sm.jpg,/objects/thumbs/paw_095_th.jpg
paw_096.jpg,/objects/paw_096.jpg,/objects/small/paw_096_sm.jpg,/objects/thumbs/paw_096_th.jpg
paw_097.jpg,/objects/paw_097.jpg,/objects/small/paw_097_sm.jpg,/objects/thumbs/paw_097_th.jpg
paw_098.jpg,/objects/paw_098.jpg,/objects/small/paw_098_sm.jpg,/objects/thumbs/paw_098_th.jpg
paw_099.jpg,/objects/paw_099.jpg,/objects/small/paw_099_sm.jpg,/objects/thumbs/paw_099_th.jpg
paw_100.jpg,/objects/paw_100.jpg,/objects/small/paw_100_sm.jpg,/objects/thumbs/paw_100_th.jpg
paw_101.jpg,/objects/paw_101.jpg,/objects/small/paw_101_sm.jpg,/objects/thumbs/paw_101_th.jpg
paw_102.jpg,/objects/paw_102.jpg,/objects/small/paw_102_sm.jpg,/objects/thumbs/paw_102_th.jpg
paw_103.jpg,/objects/paw_103.jpg,/objects/small/paw_103_sm.jpg,/objects/thumbs/paw_103_th.jpg
paw_104.jpg,/objects/paw_104.jpg,/objects/small/paw_104_sm.jpg,/objects/thumbs/paw_104_th.jpg
paw_105.jpg,/objects/paw_105.jpg,/objects/small/paw_105_sm.jpg,/objects/thumbs/paw_105_th.jpg
paw_106.jpg,/objects/paw_106.jpg,/objects/small/paw_106_sm.jpg,/objects/thumbs/paw_106_th.jpg
paw_107.jpg,/objects/paw_107.jpg,/objects/small/paw_107_sm.jpg,/objects/thumbs/paw_107_th.jpg
paw_108.jpg,/objects/paw_108.jpg,/objects/small/paw_108_sm.jpg,/objects/thumbs/paw_108_th.jpg
paw_109.jpg,/objects/paw_109.jpg,/objects/small/paw_109_sm.jpg,/objects/thumbs/paw_109_th.jpg
paw_110.jpg,/objects/paw_110.jpg,/objects/small/paw_110_sm.jpg,/objects/thumbs/paw_110_th.jpg
paw_111.jpg,/objects/paw_111.jpg,/objects/small/paw_111_sm.jpg,/objects/thumbs/paw_111_th.jpg
paw_112.jpg,/objects/paw_112.jpg,/objects/small/paw_112_sm.jpg,/objects/thumbs/paw_112_th.jpg
paw_113.jpg,/objects/paw_113.jpg,/objects/small/paw_113_sm.jpg,/objects/thumbs/paw_113_th.jpg
paw_114.jpg,/objects/paw_114.jpg,/objects/small/paw_114_sm.jpg,/objects/thumbs/paw_114_th.jpg
paw_115.jpg,/objects/paw_115.jpg,/objects/small/paw_115_sm.jpg,/objects/thumbs/paw_115_th.jpg
paw_116.jpg,/objects/paw_116.jpg,/objects/small/paw_116_sm.jpg,/objects/thumbs/paw_116_th.jpg
paw_117.jpg,/objects/paw_117.jpg,/objects/small/paw_117_sm.jpg,/objects/thumbs/paw_117_th.jpg
paw_118.jpg,/objects/paw_118.jpg,/objects/small/paw_118_sm.jpg,/objects/thumbs/paw_118_th.jpg
paw_119.jpg,/objects/paw_119.jpg,/objects/small/paw_119_sm.jpg,/objects/thumbs/paw_119_th.jpg
paw_120.jpg,/objects/paw_120.jpg,/objects/small/paw_120_sm.jpg,/objects/thumbs/paw_120_th.jpg
paw_121.jpg,/objects/paw_121.jpg,/objects/small/paw_121_sm.jpg,/objects/thumbs/paw_121_th.jpg
paw_122.jpg,/objects/paw_122.jpg,/objects/small/paw_122_sm.jpg,/objects/thumbs/paw_122_th.jpg
paw_123.jpg,/objects/paw_123.jpg,/objects/small/paw_123_sm.jpg,/objects/thumbs/paw_123_th.jpg
paw_124.jpg,/objects/paw_124.jpg,/objects/small/paw_124_sm.jpg,/objects/thumbs/paw_124_th.jpg
paw_125.jpg,/objects/paw_125.jpg,/objects/small/paw_125_sm.jpg,/objects/thumbs/paw_125_th.jpg
paw_126.jpg,/objects/paw_126.jpg,/objects/small/paw_126_sm.jpg,/objects/thumbs/paw_126_th.jpg
paw_127.jpg,/objects/paw_127.jpg,/objects/small/paw_127_sm.jpg,/objects/thumbs/paw_127_th.jpg
paw_128.jpg,/objects/paw_128.jpg,/objects/small/paw_128_sm.jpg,/objects/thumbs/paw_128_th.jpg
paw_129.jpg,/objects/paw_129.jpg,/objects/small/paw_129_sm.jpg,/objects/thumbs/paw_129_th.jpg
paw_130.jpg,/objects/paw_130.jpg,/objects/small/paw_130_sm.jpg,/objects/thumbs/paw_130_th.jpg
paw_131.jpg,/objects/paw_131.jpg,/objects/small/paw_131_sm.jpg,/objects/thumbs/paw_131_th.jpg
paw_132.jpg,/objects/paw_132.jpg,/objects/small/paw_132_sm.jpg,/objects/thumbs/paw_132_th.jpg
paw_133.jpg,/objects/paw_133.jpg,/objects/small/paw_133_sm.jpg,/objects/thumbs/paw_133_th.jpg
paw_134.jpg,/objects/paw_134.jpg,/objects/small/paw_134_sm.jpg,/objects/thumbs/paw_134_th.jpg
paw_135.jpg,/objects/paw_135.jpg,/objects/small/paw_135_sm.jpg,/objects/thumbs/paw_135_th.jpg
paw_136.jpg,/objects/paw_136.jpg,/objects/small/paw_136_sm.jpg,/objects/thumbs/paw_136_th.jpg
paw_137.jpg,/objects/paw_137.jpg,/objects/small/paw_137_sm.jpg,/objects/thumbs/paw_137_th.jpg
paw_138.jpg,/objects/paw_138.jpg,/objects/small/paw_138_sm.jpg,/objects/thumbs/paw_138_th.jpg
paw_139.jpg,/objects/paw_139.jpg,/objects/small/paw_139_sm.jpg,/objects/thumbs/paw_139_th.jpg
paw_140.jpg,/objects/paw_140.jpg,/objects/small/paw_140_sm.jpg,/objects/thumbs/paw_140_th.jpg
paw_141.jpg,/objects/paw_141.jpg,/objects/small/paw_141_sm.jpg,/objects/thumbs/paw_141_th.jpg
paw_142.jpg,/objects/paw_142.jpg,/objects/small/paw_142_sm.jpg,/objects/thumbs/paw_142_th.jpg
paw_143.jpg,/objects/paw_143.jpg,/objects/small/paw_143_sm.jpg,/objects/thumbs/paw_143_th.jpg
paw_144.jpg,/objects/paw_144.jpg,/objects/small/paw_144_sm.jpg,/objects/thumbs/paw_144_th.jpg
paw_145.jpg,/objects/paw_145.jpg,/objects/small/paw_145_sm.jpg,/objects/thumbs/paw_145_th.jpg
paw_146.jpg,/objects/paw_146.jpg,/objects/small/paw_146_sm.jpg,/objects/thumbs/paw_146_th.jpg
paw_147.jpg,/objects/paw_147.jpg,/objects/small/paw_147_sm.jpg,/objects/thumbs/paw_147_th.jpg
paw_148.jpg,/objects/paw_148.jpg,/objects/small/paw_148_sm.jpg,/objects/thumbs/paw_148_th.jpg
paw_149.jpg,/objects/paw_149.jpg,/objects/small/paw_149_sm.jpg,/objects/thumbs/paw_149_th.jpg
paw_150.jpg,/objects/paw_150.jpg,/objects/small/paw_150_sm.jpg,/objects/thumbs/paw_150_th.jpg
paw_151.jpg,/objects/paw_151.jpg,/objects/small/paw_151_sm.jpg,/objects/thumbs/paw_151_th.jpg
paw_152.jpg,/objects/paw_152.jpg,/objects/small/paw_152_sm.jpg,/objects/thumbs/paw_152_th.jpg
paw_153.jpg,/objects/paw_153.jpg,/objects/small/paw_153_sm.jpg,/objects/thumbs/paw_153_th.jpg
paw_154.jpg,/objects/paw_154.jpg,/objects/small/paw_154_sm.jpg,/objects/thumbs/paw_154_th.jpg
paw_155.jpg,/objects/paw_155.jpg,/objects/small/paw_155_sm.jpg,/objects/thumbs/paw_155_th.jpg
paw_156.jpg,/objects/paw_156.jpg,/objects/small/paw_156_sm.jpg,/objects/thumbs/paw_156_th.jpg
paw_157.jpg,/objects/paw_157.jpg,/objects/small/paw_157_sm.jpg,/objects/thumbs/paw_157_th.jpg
paw_158.jpg,/objects/paw_158.jpg,/objects/small/paw_158_sm.jpg,/objects/thumbs/paw_158_th.jpg
paw_159.jpg,/objects/paw_159.jpg,/objects/small/paw_159_sm.jpg,/objects/thumbs/paw_159_th.jpg
paw_160.jpg,/objects/paw_160.jpg,/objects/small/paw_160_sm.jpg,/objects/thumbs/paw_160_th.jpg
paw_161.jpg,/objects/paw_161.jpg,/objects/small/paw_161_sm.jpg,/objects/thumbs/paw_161_th.jpg
paw_162.jpg,/objects/paw_162.jpg,/objects/small/paw_162_sm.jpg,/objects/thumbs/paw_162_th.jpg
paw_163.jpg,/objects/paw_163.jpg,/objects/small/paw_163_sm.jpg,/objects/thumbs/paw_163_th.jpg
paw_164.jpg,/objects/paw_164.jpg,/objects/small/paw_164_sm.jpg,/objects/thumbs/paw_164_th.jpg
paw_165.jpg,/objects/paw_165.jpg,/objects/small/paw_165_sm.jpg,/objects/thumbs/paw_165_th.jpg
paw_166.jpg,/objects/paw_166.jpg,/objects/small/paw_166_sm.jpg,/objects/thumbs/paw_166_th.jpg
paw_167.jpg,/objects/paw_167.jpg,/objects/small/paw_167_sm.jpg,/objects/thumbs/paw_167_th.jpg
paw_168.jpg,/objects/paw_168.jpg,/objects/small/paw_168_sm.jpg,/objects/thumbs/paw_168_th.jpg
paw_169.jpg,/objects/paw_169.jpg,/objects/small/paw_169_sm.jpg,/objects/thumbs/paw_169_th.jpg
paw_170.jpg,/objects/paw_170.jpg,/objects/small/paw_170_sm.jpg,/objects/thumbs/paw_170_th.jpg
paw_171.jpg,/objects/paw_171.jpg,/objects/small/paw_171_sm.jpg,/objects/thumbs/paw_171_th.jpg
paw_172.jpg,/objects/paw_172.jpg,/objects/small/paw_172_sm.jpg,/objects/thumbs/paw_172_th.jpg
paw_173.jpg,/objects/paw_173.jpg,/objects/small/paw_173_sm.jpg,/objects/thumbs/paw_173_th.jpg
paw_174.jpg,/objects/paw_174.jpg,/objects/small/paw_174_sm.jpg,/objects/thumbs/paw_174_th.jpg
paw_175.jpg,/objects/paw_175.jpg,/objects/small/paw_175_sm.jpg,/objects/thumbs/paw_175_th.jpg
paw_176.jpg,/objects/paw_176.jpg,/objects/small/paw_176_sm.jpg,/objects/thumbs/paw_176_th.jpg
paw_177.jpg,/objects/paw_177.jpg,/objects/small/paw_177_sm.jpg,/objects/thumbs/paw_177_th.jpg
paw_178.jpg,/objects/paw_178.jpg,/objects/small/paw_178_sm.jpg,/objects/thumbs/paw_178_th.jpg
paw_179.jpg,/objects/paw_179.jpg,/objects/small/paw_179_sm.jpg,/objects/thumbs/paw_179_th.jpg
paw_180.jpg,/objects/paw_180.jpg,/objects/small/paw_180_sm.jpg,/objects/thumbs/paw_180_th.jpg
paw_181.jpg,/objects/paw_181.jpg,/objects/small/paw_181_sm.jpg,/objects/thumbs/paw_181_th.jpg
paw_182.jpg,/objects/paw_182.jpg,/objects/small/paw_182_sm.jpg,/objects/thumbs/paw_182_th.jpg
paw_183.jpg,/objects/paw_183.jpg,/objects/small/paw_183_sm.jpg,/objects/thumbs/paw_183_th.jpg
paw_184.jpg,/objects/paw_184.jpg,/objects/small/paw_184_sm.jpg,/objects/thumbs/paw_184_th.jpg
paw_185.jpg,/objects/paw_185.jpg,/objects/small/paw_185_sm.jpg,/objects/thumbs/paw_185_th.jpg
paw_186.jpg,/objects/paw_186.jpg,/objects/small/paw_186_sm.jpg,/objects/thumbs/paw_186_th.jpg
paw_187.jpg,/objects/paw_187.jpg,/objects/small/paw_187_sm.jpg,/objects/thumbs/paw_187_th.jpg
paw_188.jpg,/objects/paw_188.jpg,/objects/small/paw_188_sm.jpg,/objects/thumbs/paw_188_th.jpg
paw_189.jpg,/objects/paw_189.jpg,/objects/small/paw_189_sm.jpg,/objects/thumbs/paw_189_th.jpg
paw_190.jpg,/objects/paw_190.jpg,/objects/small/paw_190_sm.jpg,/objects/thumbs/paw_190_th.jpg
paw_191.jpg,/objects/paw_191.jpg,/objects/small/paw_191_sm.jpg,/objects/thumbs/paw_191_th.jpg
paw_192.jpg,/objects/paw_192.jpg,/objects/small/paw_192_sm.jpg,/objects/thumbs/paw_192_th.jpg
paw_193.jpg,/objects/paw_193.jpg,/objects/small/paw_193_sm.jpg,/objects/thumbs/paw_193_th.jpg
paw_194.jpg,/objects/paw_194.jpg,/objects/small/paw_194_sm.jpg,/objects/thumbs/paw_194_th.jpg
paw_195.jpg,/objects/paw_195.jpg,/objects/small/paw_195_sm.jpg,/objects/thumbs/paw_195_th.jpg
paw_196.jpg,/objects/paw_196.jpg,/objects/small/paw_196_sm.jpg,/objects/thumbs/paw_196_th.jpg
paw_197.jpg,/objects/paw_197.jpg,/objects/small/paw_197_sm.jpg,/objects/thumbs/paw_197_th.jpg
paw_198.jpg,/objects/paw_198.jpg,/objects/small/paw_198_sm.jpg,/objects/thumbs/paw_198_th.jpg
paw_199.jpg,/objects/paw_199.jpg,/objects/small/paw_199_sm.jpg,/objects/thumbs/paw_199_th.jpg
paw_200.jpg,/objects/paw_200.jpg,/objects/small/paw_200_sm.jpg,/objects/thumbs/paw_200_th.jpg
paw_201.jpg,/objects/paw_201.jpg,/objects/small/paw_201_sm.jpg,/objects/thumbs/paw_201_th.jpg
paw_202.jpg,/objects/paw_202.jpg,/objects/small/paw_202_sm.jpg,/objects/thumbs/paw_202_th.jpg
paw_203.jpg,/objects/paw_203.jpg,/objects/small/paw_203_sm.jpg,/objects/thumbs/paw_203_th.jpg
paw_204.jpg,/objects/paw_204.jpg,/objects/small/paw_204_sm.jpg,/objects/thumbs/paw_204_th.jpg
paw_205.jpg,/objects/paw_205.jpg,/objects/small/paw_205_sm.jpg,/objects/thumbs/paw_205_th.jpg
paw_206.jpg,/objects/paw_206.jpg,/objects/small/paw_206_sm.jpg,/objects/thumbs/paw_206_th.jpg
paw_207.jpg,/objects/paw_207.jpg,/objects/small/paw_207_sm.jpg,/objects/thumbs/paw_207_th.jpg
paw_208.jpg,/objects/paw_208.jpg,/objects/small/paw_208_sm.jpg,/objects/thumbs/paw_208_th.jpg
paw_209.jpg,/objects/paw_209.jpg,/objects/small/paw_209_sm.jpg,/objects/thumbs/paw_209_th.jpg
paw_210.jpg,/objects/paw_210.jpg,/objects/small/paw_210_sm.jpg,/objects/thumbs/paw_210_th.jpg
paw_211.jpg,/objects/paw_211.jpg,/objects/small/paw_211_sm.jpg,/objects/thumbs/paw_211_th.jpg
paw_212.jpg,/objects/paw_212.jpg,/objects/small/paw_212_sm.jpg,/objects/thumbs/paw_212_th.jpg
paw_213.jpg,/objects/paw_213.jpg,/objects/small/paw_213_sm.jpg,/objects/thumbs/paw_213_th.jpg
paw_214.jpg,/objects/paw_214.jpg,/objects/small/paw_214_sm.jpg,/objects/thumbs/paw_214_th.jpg
paw_215.jpg,/objects/paw_215.jpg,/objects/small/paw_215_sm.jpg,/objects/thumbs/paw_215_th.jpg
paw_216.jpg,/objects/paw_216.jpg,/objects/small/paw_216_sm.jpg,/objects/thumbs/paw_216_th.jpg
paw_217.jpg,/objects/paw_217.jpg,/objects/small/paw_217_sm.jpg,/objects/thumbs/paw_217_th.jpg
paw_218.jpg,/objects/paw_218.jpg,/objects/small/paw_218_sm.jpg,/objects/thumbs/paw_218_th.jpg
paw_219.jpg,/objects/paw_219.jpg,/objects/small/paw_219_sm.jpg,/objects/thumbs/paw_219_th.jpg
paw_220.jpg,/objects/paw_220.jpg,/objects/small/paw_220_sm.jpg,/objects/thumbs/paw_220_th.jpg
paw_221.jpg,/objects/paw_221.jpg,/objects/small/paw_221_sm.jpg,/objects/thumbs/paw_221_th.jpg
paw_222.jpg,/objects/paw_222.jpg,/objects/small/paw_222_sm.jpg,/objects/thumbs/paw_222_th.jpg
paw_223.jpeg,/objects/paw_223.jpeg,/objects/small/paw_223_sm.jpg,/objects/thumbs/paw_223_th.jpg
paw_224.jpg,/objects/paw_224.jpg,/objects/small/paw_224_sm.jpg,/objects/thumbs/paw_224_th.jpg
paw_225.jpg,/objects/paw_225.jpg,/objects/small/paw_225_sm.jpg,/objects/thumbs/paw_225_th.jpg
paw_226.jpg,/objects/paw_226.jpg,/objects/small/paw_226_sm.jpg,/objects/thumbs/paw_226_th.jpg
paw_227.jpg,/objects/paw_227.jpg,/objects/small/paw_227_sm.jpg,/objects/thumbs/paw_227_th.jpg
paw_228.jpg,/objects/paw_228.jpg,/objects/small/paw_228_sm.jpg,/objects/thumbs/paw_228_th.jpg
paw_229.jpg,/objects/paw_229.jpg,/objects/small/paw_229_sm.jpg,/objects/thumbs/paw_229_th.jpg
paw_230.jpg,/objects/paw_230.jpg,/objects/small/paw_230_sm.jpg,/objects/thumbs/paw_230_th.jpg
paw_231.jpg,/objects/paw_231.jpg,/objects/small/paw_231_sm.jpg,/objects/thumbs/paw_231_th.jpg
paw_232.jpg,/objects/paw_232.jpg,/objects/small/paw_232_sm.jpg,/objects/thumbs/paw_232_th.jpg
